{
  "ccwms": {
    "frc1024": 2.7535240468238076, 
    "frc103": 11.196052442282047, 
    "frc1058": -6.182688590882317, 
    "frc1218": 8.391734716635575, 
    "frc125": 1.7640186839127838, 
    "frc1317": -13.280859275974905, 
    "frc16": -4.376376552271715, 
    "frc1676": 8.536662934778844, 
    "frc1690": 19.18576839105503, 
    "frc175": -0.8055424334248515, 
    "frc1781": 0.6743018474826109, 
    "frc1792": -6.128723867544158, 
    "frc190": 2.693668418513842, 
    "frc191": 3.6509503456261747, 
    "frc1918": 4.021125157910565, 
    "frc1923": 8.263155892273781, 
    "frc217": 5.633335597648754, 
    "frc225": 19.387130446645546, 
    "frc2265": -12.731416365406403, 
    "frc2337": -0.12245280998632117, 
    "frc236": -4.681439976655483, 
    "frc245": 7.874550806101607, 
    "frc250": -6.340859881861126, 
    "frc2500": 0.4089144220373934, 
    "frc2502": 6.453465006862972, 
    "frc2771": -4.220803748572211, 
    "frc2791": 1.9762941994320673, 
    "frc2830": -11.242051925642343, 
    "frc3044": 11.960017676215099, 
    "frc3146": 1.9664493805802359, 
    "frc3381": -12.562718233320995, 
    "frc353": -0.020774918187725422, 
    "frc3542": 11.593331980287177, 
    "frc3555": 9.838583989522203, 
    "frc3604": 10.263721552566496, 
    "frc3618": -6.796332672003392, 
    "frc3624": -12.618784301553383, 
    "frc365": -5.466214095141852, 
    "frc3667": 6.6560422923345355, 
    "frc3707": 22.258347290441097, 
    "frc3926": -9.157518860331848, 
    "frc4143": 6.293699667968338, 
    "frc4253": -4.041091951895741, 
    "frc4381": -4.7164947446443835, 
    "frc4481": 4.342969831358652, 
    "frc449": -6.832074404213453, 
    "frc503": 2.7434084831906693, 
    "frc5084": -5.829738995416284, 
    "frc51": -3.5531104827272877, 
    "frc5348": 2.7639328099627414, 
    "frc5501": -12.335397368176311, 
    "frc5567": 8.118220350918016, 
    "frc5811": 1.1428952025715557, 
    "frc5943": -17.598548529947223, 
    "frc5951": -0.3216385412557607, 
    "frc6401": -2.636204269468922, 
    "frc6806": -3.1485916281871194, 
    "frc7462": -16.797238375633793, 
    "frc7480": 2.532325046954438, 
    "frc7651": -0.4799139986187516, 
    "frc7673": -3.9210899001967428, 
    "frc771": -8.794684021259556, 
    "frc7719": -18.075626247285186, 
    "frc772": -4.670846700894564, 
    "frc7885": -6.395805131978245, 
    "frc836": 13.67152437688659, 
    "frc868": 0.225989035506289, 
    "frc88": 8.827318273841463
  }, 
  "dprs": {
    "frc1024": 20.825853933807917, 
    "frc103": 20.179500502154724, 
    "frc1058": 32.272835726390674, 
    "frc1218": 22.082280096754765, 
    "frc125": 24.70245905032791, 
    "frc1317": 33.20746363790176, 
    "frc16": 31.601734661896238, 
    "frc1676": 20.61353681683259, 
    "frc1690": 19.899485679285412, 
    "frc175": 29.56163809294388, 
    "frc1781": 22.722537762939766, 
    "frc1792": 29.71470384249609, 
    "frc190": 24.32122197418408, 
    "frc191": 20.824629664112482, 
    "frc1918": 28.502954494421786, 
    "frc1923": 23.636314872393196, 
    "frc217": 25.477092927305648, 
    "frc225": 23.919731006821767, 
    "frc2265": 29.86559361399461, 
    "frc2337": 26.300472460223972, 
    "frc236": 35.675316687035625, 
    "frc245": 27.032207676002383, 
    "frc250": 20.604557754109543, 
    "frc2500": 23.341848552943603, 
    "frc2502": 19.601123975009607, 
    "frc2771": 29.728904020276207, 
    "frc2791": 27.44730356326327, 
    "frc2830": 28.16088676996583, 
    "frc3044": 19.22306094960598, 
    "frc3146": 25.884498389968975, 
    "frc3381": 25.69274104231817, 
    "frc353": 20.040198822921504, 
    "frc3542": 25.057132299408977, 
    "frc3555": 25.553904891375208, 
    "frc3604": 25.45122882418081, 
    "frc3618": 23.892402154262985, 
    "frc3624": 26.915706754282695, 
    "frc365": 29.329462738330804, 
    "frc3667": 22.975841274765735, 
    "frc3707": 21.389298991198793, 
    "frc3926": 33.953087474647646, 
    "frc4143": 22.810226157467994, 
    "frc4253": 27.10325167004616, 
    "frc4381": 28.909520027803868, 
    "frc4481": 22.6505342319092, 
    "frc449": 27.778004154467165, 
    "frc503": 26.80705812368809, 
    "frc5084": 32.1133320753386, 
    "frc51": 33.866280555146, 
    "frc5348": 22.06520618015478, 
    "frc5501": 27.624077687021547, 
    "frc5567": 20.953413655849996, 
    "frc5811": 23.286174853225965, 
    "frc5943": 31.89905898433225, 
    "frc5951": 23.891320126742432, 
    "frc6401": 22.069495260885056, 
    "frc6806": 20.971057288201067, 
    "frc7462": 31.283967579437444, 
    "frc7480": 16.43575578742434, 
    "frc7651": 22.166906809182002, 
    "frc7673": 23.50543490859834, 
    "frc771": 24.650995975396285, 
    "frc7719": 28.474925558936466, 
    "frc772": 23.618636062019405, 
    "frc7885": 20.012234811563317, 
    "frc836": 16.657106108438676, 
    "frc868": 19.566855024254448, 
    "frc88": 28.64933011252247
  }, 
  "oprs": {
    "frc1024": 23.57937798063174, 
    "frc103": 31.375552944436762, 
    "frc1058": 26.090147135508317, 
    "frc1218": 30.474014813390312, 
    "frc125": 26.466477734240705, 
    "frc1317": 19.926604361926856, 
    "frc16": 27.225358109624512, 
    "frc1676": 29.150199751611403, 
    "frc1690": 39.085254070340405, 
    "frc175": 28.75609565951902, 
    "frc1781": 23.396839610422393, 
    "frc1792": 23.58597997495194, 
    "frc190": 27.01489039269793, 
    "frc191": 24.47558000973864, 
    "frc1918": 32.52407965233236, 
    "frc1923": 31.89947076466693, 
    "frc217": 31.11042852495435, 
    "frc225": 43.30686145346727, 
    "frc2265": 17.134177248588248, 
    "frc2337": 26.17801965023766, 
    "frc236": 30.993876710380114, 
    "frc245": 34.90675848210398, 
    "frc250": 14.26369787224841, 
    "frc2500": 23.75076297498099, 
    "frc2502": 26.054588981872566, 
    "frc2771": 25.50810027170407, 
    "frc2791": 29.423597762695383, 
    "frc2830": 16.918834844323467, 
    "frc3044": 31.183078625821118, 
    "frc3146": 27.85094777054921, 
    "frc3381": 13.130022808997163, 
    "frc353": 20.019423904733785, 
    "frc3542": 36.65046427969617, 
    "frc3555": 35.392488880897425, 
    "frc3604": 35.714950376747296, 
    "frc3618": 17.09606948225962, 
    "frc3624": 14.296922452729346, 
    "frc365": 23.86324864318891, 
    "frc3667": 29.63188356710028, 
    "frc3707": 43.64764628163988, 
    "frc3926": 24.795568614315773, 
    "frc4143": 29.103925825436328, 
    "frc4253": 23.062159718150422, 
    "frc4381": 24.193025283159457, 
    "frc4481": 26.993504063267842, 
    "frc449": 20.945929750253715, 
    "frc503": 29.55046660687873, 
    "frc5084": 26.283593079922294, 
    "frc51": 30.313170072418693, 
    "frc5348": 24.829138990117517, 
    "frc5501": 15.28868031884526, 
    "frc5567": 29.07163400676798, 
    "frc5811": 24.429070055797535, 
    "frc5943": 14.300510454385057, 
    "frc5951": 23.569681585486673, 
    "frc6401": 19.433290991416133, 
    "frc6806": 17.82246566001394, 
    "frc7462": 14.486729203803685, 
    "frc7480": 18.96808083437874, 
    "frc7651": 21.686992810563268, 
    "frc7673": 19.58434500840157, 
    "frc771": 15.85631195413675, 
    "frc7719": 10.399299311651264, 
    "frc772": 18.947789361124862, 
    "frc7885": 13.616429679585094, 
    "frc836": 30.32863048532528, 
    "frc868": 19.79284405976072, 
    "frc88": 37.476648386364005
  }
}