{
  "ccwms": {
    "frc1111": -3.961946513736362, 
    "frc1123": 8.115784532840653, 
    "frc1389": -4.272036862551724, 
    "frc1446": -5.162218689234517, 
    "frc1727": 17.73450899947256, 
    "frc1885": 6.609229850558091, 
    "frc1915": 0.7398840400156161, 
    "frc2186": -15.523955928680335, 
    "frc2537": -12.371876062035039, 
    "frc2849": 2.5965913539952696, 
    "frc2900": -3.647268129457426, 
    "frc2912": 11.489318096306727, 
    "frc2914": 2.3062017922548494, 
    "frc3389": 4.084222086354534, 
    "frc3650": -10.128669830763975, 
    "frc3793": 14.528858062004497, 
    "frc4456": 6.401417346708521, 
    "frc4464": -2.2650413020039304, 
    "frc4472": -1.4872622329407283, 
    "frc449": 1.7352952852420507, 
    "frc4514": 8.115018804329544, 
    "frc4821": 9.727077744268412, 
    "frc4949": -3.3170421829797148, 
    "frc5115": -2.5457463409888677, 
    "frc5243": -7.922653681088107, 
    "frc5587": 7.753884787906619, 
    "frc5830": -1.7115396434743682, 
    "frc5841": -9.606051658128134, 
    "frc5945": -4.230201061758482, 
    "frc6213": -0.194984406896133, 
    "frc6239": 1.5077879167594275, 
    "frc6326": -9.716942972853579, 
    "frc686": 1.069198181547924, 
    "frc6893": -4.061566252149852, 
    "frc7714": -8.525617022035954, 
    "frc7770": 6.138341893191821
  }, 
  "dprs": {
    "frc1111": 14.576206034254872, 
    "frc1123": 9.208251567347123, 
    "frc1389": 15.68179501001614, 
    "frc1446": 13.027865859053293, 
    "frc1727": 8.645342198459915, 
    "frc1885": 15.558880109211827, 
    "frc1915": 5.308569253774133, 
    "frc2186": 20.251473158403094, 
    "frc2537": 18.95239249072416, 
    "frc2849": 8.860361893136169, 
    "frc2900": 8.750373211020838, 
    "frc2912": 8.84567424269393, 
    "frc2914": 10.556711373013336, 
    "frc3389": 7.150827153033619, 
    "frc3650": 17.820775281939696, 
    "frc3793": 10.152336976720829, 
    "frc4456": 11.303292586083337, 
    "frc4464": 11.673013392644174, 
    "frc4472": 23.822118118590566, 
    "frc449": 13.983416402634107, 
    "frc4514": 9.552084807640012, 
    "frc4821": 8.037392356024395, 
    "frc4949": 7.749086425735861, 
    "frc5115": 14.725955645418244, 
    "frc5243": 17.92346669277528, 
    "frc5587": 13.965551529249616, 
    "frc5830": 14.82068108563592, 
    "frc5841": 16.133826666422653, 
    "frc5945": 12.911656152662541, 
    "frc6213": 3.7610382242866875, 
    "frc6239": 10.64092071889572, 
    "frc6326": 16.10279078914189, 
    "frc686": 17.15194023991615, 
    "frc6893": 11.713809897027197, 
    "frc7714": 12.449990868761665, 
    "frc7770": 12.64679825431767
  }, 
  "oprs": {
    "frc1111": 10.61425952051851, 
    "frc1123": 17.32403610018778, 
    "frc1389": 11.409758147464416, 
    "frc1446": 7.865647169818759, 
    "frc1727": 26.379851197932478, 
    "frc1885": 22.168109959769932, 
    "frc1915": 6.048453293789752, 
    "frc2186": 4.727517229722752, 
    "frc2537": 6.580516428689116, 
    "frc2849": 11.456953247131457, 
    "frc2900": 5.103105081563405, 
    "frc2912": 20.334992339000653, 
    "frc2914": 12.862913165268191, 
    "frc3389": 11.235049239388164, 
    "frc3650": 7.692105451175727, 
    "frc3793": 24.681195038725328, 
    "frc4456": 17.704709932791864, 
    "frc4464": 9.407972090640238, 
    "frc4472": 22.334855885649844, 
    "frc449": 15.718711687876162, 
    "frc4514": 17.66710361196957, 
    "frc4821": 17.764470100292804, 
    "frc4949": 4.432044242756147, 
    "frc5115": 12.180209304429352, 
    "frc5243": 10.00081301168718, 
    "frc5587": 21.71943631715623, 
    "frc5830": 13.109141442161555, 
    "frc5841": 6.527775008294518, 
    "frc5945": 8.681455090904066, 
    "frc6213": 3.566053817390557, 
    "frc6239": 12.148708635655149, 
    "frc6326": 6.385847816288311, 
    "frc686": 18.22113842146408, 
    "frc6893": 7.652243644877341, 
    "frc7714": 3.9243738467257114, 
    "frc7770": 18.785140147509495
  }
}