{
  "ccwms": {
    "frc1086": -7.08465768988852, 
    "frc1111": -4.856801272392314, 
    "frc1123": -16.618289864036978, 
    "frc1262": 9.136634764923492, 
    "frc1413": 0.11280152536129928, 
    "frc1418": 8.144697573539846, 
    "frc1599": -0.6914242465142628, 
    "frc1610": -1.1261399574137678, 
    "frc1629": 12.190462978973972, 
    "frc1719": -12.4920557471485, 
    "frc1727": -3.079097035703132, 
    "frc1731": 1.37068688479697, 
    "frc1885": 5.0644144460639895, 
    "frc2068": -9.0139243291793, 
    "frc2106": 6.1864386072220485, 
    "frc2199": 0.8547714279884653, 
    "frc2363": 0.3220561587391637, 
    "frc2534": 16.58584056927705, 
    "frc2537": -0.3346748561517226, 
    "frc2849": -0.4513789545640132, 
    "frc2912": -6.3004466206870315, 
    "frc2914": -6.159840676957233, 
    "frc2998": 3.620623589792347, 
    "frc3274": -9.907191473356352, 
    "frc3359": 0.8714494872850629, 
    "frc339": -5.672929266906181, 
    "frc346": 12.208093614887233, 
    "frc3748": -1.3222816841711897, 
    "frc3793": 6.083716986989927, 
    "frc384": 1.115242872033472, 
    "frc3939": -2.4816667009879243, 
    "frc401": 13.212921610593744, 
    "frc4099": -11.867950359473449, 
    "frc422": -3.3050356439349695, 
    "frc4242": -2.932659531866697, 
    "frc4456": 7.6897809626205955, 
    "frc4472": -1.5729019429296327, 
    "frc449": 4.238882697081964, 
    "frc4541": 4.670835706362982, 
    "frc4638": -0.5154004034017077, 
    "frc5338": 3.3902015969338377, 
    "frc539": -4.1079824630736725, 
    "frc540": 3.1783536388723252, 
    "frc5546": 0.7472702541295672, 
    "frc5587": 3.1424337222366616, 
    "frc5830": -9.883226297500373, 
    "frc612": -5.713086965058395, 
    "frc614": 6.223688555516353, 
    "frc619": 8.761422719565763, 
    "frc6334": -5.009001432173509, 
    "frc6543": -10.638234419671576, 
    "frc6802": 6.831781490173883, 
    "frc686": -5.230730826290367, 
    "frc6882": -2.4841809012959875, 
    "frc7770": -3.974489762599059, 
    "frc836": 11.482574585690598, 
    "frc888": -8.546825779453636, 
    "frc977": 5.936428077128658
  }, 
  "dprs": {
    "frc1086": 25.52830744815609, 
    "frc1111": 21.638194230851532, 
    "frc1123": 29.332551089892647, 
    "frc1262": 18.41415625180569, 
    "frc1413": 26.070170310706104, 
    "frc1418": 22.167987725834188, 
    "frc1599": 21.17955757189922, 
    "frc1610": 30.04954215701017, 
    "frc1629": 18.398981192683454, 
    "frc1719": 32.00278336281806, 
    "frc1727": 25.40060392983414, 
    "frc1731": 26.37438342107205, 
    "frc1885": 22.69818939852694, 
    "frc2068": 25.28763785682829, 
    "frc2106": 19.673551967390264, 
    "frc2199": 25.019626093235374, 
    "frc2363": 22.1011319992815, 
    "frc2534": 12.862389417148279, 
    "frc2537": 15.291179486999418, 
    "frc2849": 24.859485078567864, 
    "frc2912": 24.100861556558066, 
    "frc2914": 21.046816414394886, 
    "frc2998": 26.12034232003403, 
    "frc3274": 20.31969182197436, 
    "frc3359": 23.510233404216997, 
    "frc339": 31.51007890901925, 
    "frc346": 17.41697627663709, 
    "frc3748": 18.62521410830933, 
    "frc3793": 19.45456620808642, 
    "frc384": 23.715911601535378, 
    "frc3939": 19.71727956759216, 
    "frc401": 19.45396391509232, 
    "frc4099": 27.883263353422457, 
    "frc422": 23.203831231637846, 
    "frc4242": 25.350643579302574, 
    "frc4456": 16.839376686376667, 
    "frc4472": 22.461859394457043, 
    "frc449": 25.919937193954183, 
    "frc4541": 16.51811005979414, 
    "frc4638": 16.311914968705214, 
    "frc5338": 19.959026630452186, 
    "frc539": 26.253679309451726, 
    "frc540": 23.892920199932593, 
    "frc5546": 20.396496691405808, 
    "frc5587": 22.313955601388187, 
    "frc5830": 23.389626291387046, 
    "frc612": 25.841288383505216, 
    "frc614": 24.63996164723183, 
    "frc619": 25.81937322708488, 
    "frc6334": 29.53463262012364, 
    "frc6543": 23.581324210736533, 
    "frc6802": 21.781588213572334, 
    "frc686": 22.597509663382557, 
    "frc6882": 13.80612580387772, 
    "frc7770": 24.030029703633236, 
    "frc836": 19.22660762741274, 
    "frc888": 29.589658239567132, 
    "frc977": 25.18158004087954
  }, 
  "oprs": {
    "frc1086": 18.44364975826755, 
    "frc1111": 16.781392958459232, 
    "frc1123": 12.71426122585565, 
    "frc1262": 27.550791016729175, 
    "frc1413": 26.182971836067413, 
    "frc1418": 30.312685299374024, 
    "frc1599": 20.488133325384958, 
    "frc1610": 28.923402199596367, 
    "frc1629": 30.58944417165744, 
    "frc1719": 19.510727615669524, 
    "frc1727": 22.32150689413103, 
    "frc1731": 27.74507030586906, 
    "frc1885": 27.762603844590934, 
    "frc2068": 16.273713527648972, 
    "frc2106": 25.859990574612308, 
    "frc2199": 25.874397521223834, 
    "frc2363": 22.42318815802067, 
    "frc2534": 29.448229986425318, 
    "frc2537": 14.956504630847675, 
    "frc2849": 24.408106124003837, 
    "frc2912": 17.800414935871014, 
    "frc2914": 14.886975737437634, 
    "frc2998": 29.740965909826365, 
    "frc3274": 10.412500348617979, 
    "frc3359": 24.38168289150208, 
    "frc339": 25.83714964211304, 
    "frc346": 29.625069891524323, 
    "frc3748": 17.30293242413814, 
    "frc3793": 25.538283195076357, 
    "frc384": 24.831154473568844, 
    "frc3939": 17.23561286660423, 
    "frc401": 32.666885525686055, 
    "frc4099": 16.01531299394901, 
    "frc422": 19.898795587702878, 
    "frc4242": 22.41798404743585, 
    "frc4456": 24.52915764899729, 
    "frc4472": 20.88895745152737, 
    "frc449": 30.15881989103616, 
    "frc4541": 21.188945766157133, 
    "frc4638": 15.79651456530351, 
    "frc5338": 23.349228227386043, 
    "frc539": 22.14569684637804, 
    "frc540": 27.07127383880493, 
    "frc5546": 21.143766945535358, 
    "frc5587": 25.456389323624855, 
    "frc5830": 13.506399993886708, 
    "frc612": 20.12820141844684, 
    "frc614": 30.863650202748182, 
    "frc619": 34.58079594665066, 
    "frc6334": 24.525631187950133, 
    "frc6543": 12.943089791064963, 
    "frc6802": 28.613369703746237, 
    "frc686": 17.366778837092205, 
    "frc6882": 11.321944902581716, 
    "frc7770": 20.055539941034194, 
    "frc836": 30.709182213103347, 
    "frc888": 21.04283246011352, 
    "frc977": 31.11800811800821
  }
}