{
  "ccwms": {
    "frc1086": -10.290289923305275, 
    "frc1262": 16.950482475666828, 
    "frc1413": 2.2719525342562688, 
    "frc1522": 1.6087306553980132, 
    "frc1598": -14.295457497324463, 
    "frc1915": -22.896353483816096, 
    "frc2068": -8.62019692716485, 
    "frc2890": -13.023349615840115, 
    "frc3072": 9.223155834475687, 
    "frc3136": -3.276396059255535, 
    "frc3258": 2.1887544981414755, 
    "frc3274": -9.095354206765185, 
    "frc3455": 2.830803720673106, 
    "frc346": 14.497646560856694, 
    "frc3748": 3.4662991539559203, 
    "frc384": 12.609102217328397, 
    "frc3939": 6.539672838857454, 
    "frc401": 11.126555563749001, 
    "frc4466": -1.9648298351852116, 
    "frc449": 10.935148947157144, 
    "frc4505": 1.4823474344128225, 
    "frc5279": -13.944547613261586, 
    "frc539": 8.194570763756344, 
    "frc540": 3.6174453012532815, 
    "frc5724": -1.0391197840206625, 
    "frc5804": -12.726567007000149, 
    "frc5950": -6.566998755874847, 
    "frc5954": -15.23688051132714, 
    "frc619": 7.784430513984848, 
    "frc6194": 4.080975302115698, 
    "frc6312": -4.491552549657205, 
    "frc6802": 12.65093632237395, 
    "frc7886": -3.4973017505912622, 
    "frc977": 8.906184881976579
  }, 
  "dprs": {
    "frc1086": 21.90196098682514, 
    "frc1262": 15.58361546207298, 
    "frc1413": 19.45328717314249, 
    "frc1522": 19.79510473643421, 
    "frc1598": 25.9504749373479, 
    "frc1915": 25.88580841807413, 
    "frc2068": 18.55776159221388, 
    "frc2890": 28.776732861107952, 
    "frc3072": 15.771449113703877, 
    "frc3136": 18.913876932163536, 
    "frc3258": 18.434551704157006, 
    "frc3274": 20.252761344176587, 
    "frc3455": 18.78231635128159, 
    "frc346": 16.606685089269913, 
    "frc3748": 19.258285589372754, 
    "frc384": 15.604355806662852, 
    "frc3939": 13.185368890092501, 
    "frc401": 15.805053324398116, 
    "frc4466": 17.526635107094233, 
    "frc449": 18.77344218089172, 
    "frc4505": 17.037685458035003, 
    "frc5279": 27.153933514438563, 
    "frc539": 11.408694987980198, 
    "frc540": 17.174844636150077, 
    "frc5724": 27.553459106862025, 
    "frc5804": 28.007430536628807, 
    "frc5950": 20.73149808690998, 
    "frc5954": 21.81221457425302, 
    "frc619": 19.524602082834857, 
    "frc6194": 15.681266011221302, 
    "frc6312": 17.51426087399298, 
    "frc6802": 15.662103537166544, 
    "frc7886": 23.790536590016746, 
    "frc977": 15.877942403026053
  }, 
  "oprs": {
    "frc1086": 11.611671063519868, 
    "frc1262": 32.53409793773982, 
    "frc1413": 21.725239707398746, 
    "frc1522": 21.40383539183223, 
    "frc1598": 11.65501744002344, 
    "frc1915": 2.9894549342580325, 
    "frc2068": 9.937564665049026, 
    "frc2890": 15.753383245267845, 
    "frc3072": 24.99460494817955, 
    "frc3136": 15.637480872907988, 
    "frc3258": 20.623306202298476, 
    "frc3274": 11.157407137411386, 
    "frc3455": 21.613120071954707, 
    "frc346": 31.10433165012661, 
    "frc3748": 22.724584743328677, 
    "frc384": 28.21345802399125, 
    "frc3939": 19.725041728949947, 
    "frc401": 26.93160888814714, 
    "frc4466": 15.561805271909021, 
    "frc449": 29.70859112804885, 
    "frc4505": 18.520032892447816, 
    "frc5279": 13.209385901176983, 
    "frc539": 19.603265751736558, 
    "frc540": 20.792289937403343, 
    "frc5724": 26.51433932284136, 
    "frc5804": 15.280863529628636, 
    "frc5950": 14.16449933103512, 
    "frc5954": 6.575334062925877, 
    "frc619": 27.309032596819723, 
    "frc6194": 19.762241313336986, 
    "frc6312": 13.022708324335778, 
    "frc6802": 28.313039859540496, 
    "frc7886": 20.293234839425484, 
    "frc977": 24.78412728500264
  }
}